token,value,,character limit, comment
app_connection_assigned,Color asignado,,25,
app_connection_assigning,Asignando color...,,25,
app_connection_connected,Conectado,,25,
app_connection_disconnected,Desconectado,,25,
app_connection_disconnect_pending,Desconexión pendiente,,25,
app_connection_error_busy,Partida en curso,,25,
app_connection_searching,Buscando...,,25,
app_disconnect_bonjour_failed,La conexión ha fallado,,25,
app_disconnect_busy,Partida en curso,,25,
app_disconnect_host_timeout,Se ha perdido la conexión,,25,
app_disconnect_user_disconnect,Usuario desconectado,,25,
app_general_connect,Conectar,,25,
beatsports_legal_text,©2017 Harmonix Games LLC. Beat Sports es una marca registrada de Harmonix Games LLC. Las demás marcas son propiedad de sus respectivos propietarios. El producto está cubierto por las patentes identificadas en www.harmonixmusic.com/patents.,,130,
bonus,Bonificación,,14,
bonus_balls,Pelotas extras,,14,
bonus_round,Ronda extra,,14,
date_format,%d de %M de %Y,,11,
demo_intro_splash,This version of Beat Sports has been created specifically for demonstration purposes.,,150,
demo_locked_level,Only "Home" levels are playable in this demo.  Purchase Beat Sports to play all the levels and features.,,150,
demo_not_enabled,Feature not enabled for this demo.,,150,
dialogue_dl_error,Se ha producido un error al descargar contenido de juego adicional. Inténtalo de nuevo más tarde.,,150,
dialogue_dl_wait,Espera mientras se descarga el contenido de juego adicional.,,150,
feedback_perfect,PERFECTO,,20,
gear_bat_baseball_bat_special,Platino brillante,,21,a platinum baseball bat
gear_bat_bow,Flechazo,,21,a cupid's bow
gear_bat_bronze,Bronce reluciente,,21,a bronze baseball bat
gear_bat_chicken_drumstick,Muslo,,21,a drum stick
gear_bat_clarinet,El favorito de Eran,,21,a clarinet
gear_bat_curling,Curling,,21,a curling (sport) stick
gear_bat_default,Bate,,21,a bat
gear_bat_electric_guitar,Guitarra,,21,a guitar
gear_bat_fish,Pescado,,21,a bass fish pun on bass guitar
gear_bat_flowers,Potencia florida,,21,a bouquet of flowers
gear_bat_gold,Oro sólido,,21,a gold bat
gear_bat_golf_club,Palo de golf,,21,a golf club 
gear_bat_hand_on_stick,Palo con mano,,21,a giant hand on a stick
gear_bat_harp,Harpa del amor,,21,a Cupid's harp
gear_bat_hockey_stick,Palo de hockey,,21,a hockey stick
gear_bat_ice,Bate de invierno,,21,a bat made of ice
gear_bat_lips,Primera base,,21,lips on a stick
gear_bat_lollipop,Chupachups,,21,a lollipop
gear_bat_shovel,Pala poderosa,,21,a shovel
gear_bat_skipole,Bate de diamante,,21,a diamond bat
gear_bat_sleigh,El navideño,,21,a stick of jingle bells
gear_bat_snow_shov,Pala quitanieves,,21,a snow shovel (snow plow pun)
gear_bat_sword,Espada,,21,a sword
gear_bat_tennis_racket,Raqueta rítmica,,21,a tennis racket
gear_bat_umbrella,Parachubascos,,21,an umbrella
gear_bat_energy,Calambrazo,,21,a lazer racket like a bug zapper
gear_bat_baguette,Barra de pan,,21,a baguette
gear_bat_horsey,Arréale,,21,a hobby horse
gear_bat_gnome,David,,21,generic man's name
gear_bat_axe,La guitarra afilada,,21,an actual axe
gear_bat_broom,Batescoba,,21,a broom
gear_bat_lax,Bate de red,,21,a lacrosse stick
gear_bat_stick,La estaca,,21,a stick for stick ball
gear_bat_cricket,Cricrí,,21,a cricket mallet
gear_bat_mallet,Mazo soprano,,21,a mallet for whacking things
gear_bat_mime,Bate de mimo,,21,an invisible mime bat
gear_outfit_baseball,Béisbol,,21,a vintage baseball outfit
gear_outfit_cupid,Cupido,,21,a cupid's outfit
gear_outfit_default,Clásico,,21,a generic workout outfit
gear_outfit_football,Chute de amor,,21,a football outfit
gear_outfit_golf,Club de campo,,21,a golfer outfit
gear_outfit_nibbs,Bocazas,,21,an alien jumpsuit
gear_outfit_nubz,Atuendo de Nubz,,21,a different alien jumpsuit
gear_outfit_rain,Llovizna,,21,a rain or snowsuit
gear_outfit_soccer,Equipación,,21,a soccer outfit
gear_outfit_space,Cadete espacial,,21,an astronaut suit
gear_outfit_squibbs,Estilo de Squibz,,21,yet another alien outfit
gear_outfit_volleyball,Voleibol,,21,a volleyball outfit
gear_outfit_chicken,Estrella del corral,,21,a chicken outfit
gear_outfit_jockey,Jinete veloz,,21,a jockey outfit
gear_outfit_lucha,Guerrero,,21,a luchador outfit
gear_outfit_robo,Próxima generación,,21,a robot outfit
gear_outfit_hockey,Palo helado,,21,a hockey outfit
gear_outfit_dropmix,DROPMIX,,21,"A Harmonix IP, do not transalte"
gear_outfit_knight,Caballero,,21,a knight outfit
gear_outfit_mime,Mimo con mimo,,21,a mime outfit
gear_skin,Aspecto,,15,
golf_results_title_win,¡Buen balanceo!,,34,
golf_ui_go,¡ADELANTE!,,20,
golf_ui_lastchance,¡ÚLTIMA OPORTUNIDAD!,,20,
golf_ui_listen,Escucha... ,,20,
golf_ui_outofballs,Sin bolas... ,,20,
golf_ui_timesup,¡TIEMPO AGOTADO!,,20,
results_normal_hits,Normales,,20,
results_charged_hits,En salto,,20,
kabam,¡Ka-BOOM!,,20,
keep_local,Conservar datos locales,,23,
leaderboard_allsports,Todos los deportes,,,
leaderboard_point,punto,,,
leaderboard_points,puntos,,,
legal_preamble,"Comprar, descargar, jugar y/o usar Super Beat Sports constituyen tanto la aceptación como el compromiso de cumplir con lo siguiente:",,,
legal_privacy_policy,Política de privacidad: http://www.superbeatsports.com/superprivacy,,,Do not translate web address
legal_tos,Términos del servicio: http://www.superbeatsports.com/superterms,,,Do not translate web address
loading_321,"Escucha la cuenta atrás "3, 2, 1" para sincronizar tus mates.",,150,
loading_all_1,"CONSEJO: Respira hondo, cree en tu valía y siente el ritmo fluyendo por tu interior.",,150,
loading_all_2,Gana mejores medallas para desbloquear premios más rápido.,,150,
loading_all_3,Pausa el juego para consultar los controles.,,150,
loading_all_4,¿El juego se ralentiza? Comprueba si la televisión tiene un modo o configuración para juegos e inténtalo de nuevo.,,150,
loading_all_5,"Sal ahí fuera ¡y gana en todos esos deportes!"\n— Palabras de ánimo diarias de Wubwub,,150,
loading_all_6,Poder jugar contigo es algo muy importante para Wubwub.,,150,
loading_all_7,""¿Nubz, nubz nubz? ¡Nubz! Nubz nubz nubz" (Nubz).",,150,
loading_all_8,Quienes visiten Musicalia pueden disfrutar de una fantástica cena en el Superb Eats Ports.,,150,
loading_avsync,"Si en algún momento te parece que la imagen y la música no están sincronizadas, ve al menú Opciones, selecciona Sinc. audio/vídeo ¡y a disfrutar!",,150,
loading_clicktohit,Juega con el acelerómetro y disfruta de la mejor experiencia deportiva.,,150,
loading_shadows,Sigue las pelotas altas de Big Baoz observando su sombra sobre el terreno.,,150,
loading_throbot,Échale un vistazo al nivel Práctica para dominar los peliagudos lanzamientos de Thro-bot.,,150,
loading_wiggle,Los nibbzes siempre hacen lo mismo antes de cantar.,,150,
loading_g_chill,"Siéntate, relájate y prepárate para el golf glotón.",,150,
loading_g_diet,Los nibbzes son conocidos como los mayores glotones de la galaxia de Musicalia.,,150,
loading_stacking,"En el modo multijugador, el bateador de arriba en un montón puede pulsar <icon=thumb_down> para saltar abajo.",,150,Do not translate text between < >
loading_v_wubwub,"Si Wubwub golpea la pelota hacia ti, ¡prepárate para un mate!",,150,
loading_v_squibz,"Un día sin balonvolea es un día sin alegría" (Antiguo proverbio squibziano).,,150,
loading_s_wicked,Cambia la dificultad a Perversa si te gustan los desafíos.,,150,
load_failed_message,No se ha podido cargar la ranura de guardado seleccionada.,,150,
meet_slugger,Te presento a Lil. Es una gran bateadora.,,45,"slugger is what we call the human characters you play in the game, adorable little athletes"
month_april,abril,,12,
month_august,agosto,,12,
month_december,diciembre,,12,
month_february,febrero,,12,
month_january,enero,,12,
month_july,julio,,12,
month_june,junio,,12,
month_march,marzo,,12,
month_may,mayo,,12,
month_november,noviembre,,12,
month_october,octubre,,12,
month_september,septiembre,,12,
mp_options,Opciones de multijugador,,32,
network_error,Error de red,,24,
preview_skip,Saltar <icon=L>/<icon=R>,,12,
preview_watch,Observa y escucha,,20,
prompt_1lane,<icon=thumbstick>,,4,
prompt_1lane_left,<icon=thumb_left>,,4,
prompt_1lane_right,<icon=thumb_left>,,4,
prompt_2lanes,[BUG THIS],,,
prompt_2lanes_left,<icon=thumb_left>,,4,
prompt_balloonfill,¡Llénalo!,,20,
prompt_chargehit,Mantén pulsado <icon=swingbutton>.,,34,Do not translate text between < >
prompt_clickhit,<icon=swingbutton>,,34,
prompt_fastgoldie,¡Cuidado! ,,34,
prompt_g_hitleft,<icon=thumb_left><icon=swingbutton>,,34,
prompt_g_hitright,<icon=thumb_right><icon=swingbutton>,,34,
prompt_g_hitstraight,<icon=thumb_forward><icon=swingbutton>,,34,
prompt_lobs,¡Que vienen!,,34,
prompt_lowballs,Te quedan pocas pelotas.,,34,
prompt_swinghit,¡Balancea!,,34,
prompt_swingorclick,<icon=swingbutton>,,34,
prompt_swipe,Swipe[BUG THIS],,,
prompt_swipeortap,Swipe or Tap[BUG THIS],,,
prompt_tap,Tap[BUG THIS],,,
results_bronze3,¡Bien!,,34,
results_celebrate,<icon=button> ¡Celebra!,,24,Do not translate text between < >
results_certif,Certificado de participación,,30,
results_profilename,%s,,24,
results_total,Total,,24,
results_misses,Fallos,,24,
results_hits,Golpes,,24,
results_early_late_label,Pronto / Tarde,,24,
results_gear_equip_help,Puedes equiparte con este objeto cuando quieras en el menú Elegir nivel.,,150,
results_gear_equip_no,Equipar luego,,24,
results_gear_equip_yes,Equipar ahora,,24,
results_gear_unlocked_title,¡Has conseguido objetos!,,32,
results_high_score_label,Récord,,24,
results_main_menu,Elegir nivel,,24,
results_msg_bronze1,¡Lo haces muy bien!,,34,
results_msg_bronze2,¡Buen trabajo!,,34,
results_msg_bronze3,¡No está mal!,,34,
results_msg_gold1,¡Hala!,,34,
results_msg_gold2,¡Impresionante!,,34,
results_msg_gold3,¡De campeonato!,,34,
results_msg_particip1,¡Gracias por jugar!,,34,
results_msg_particip2,¡Qué divertido!,,34,
results_msg_particip3,¡Tú puedes!,,34,
results_msg_particip4,¡No ha estado mal!,,34,
results_msg_plat1,¡Lil presidenta!,,34,
results_msg_plat2,¡Que empiece la fiesta!,,34,
results_msg_plat3,¡Bien!,,34,
results_msg_plat4,¡¡¡GOOOOOOOOL!!!,,34,
results_msg_silv1,¡Qué pasada!,,34,
results_msg_silv2,¡Bien jugado!,,34,
results_msg_silv3,¡Así se hace!,,34,
results_msg_squash,¡Campeones de pelotamiga!,,34,
results_newbest,Nuevo récord,,24,
results_nextunlock,Siguiente premio,,24,
results_next_level,Siguiente nivel,,24,
results_particip,Certificado de participación,,24,
results_perfect_label,Perfecto,,24,
results_perfect_label_with_star,<icon=star> Perfecto,,24,Do not translate text between < >
results_play_again,Otra vez,,24,
results_score_label,Puntuación,,24,
results_streak_label,Mejor racha,,24,
results_s_replay,Reintentar,X,24,
round,Ronda,,24,
rr_pizza_mssg,¡PIZZA!,,20,
rr_sax_mssg,¡A POR EL CORAZÓN!,,20,
rr_hot_potato_mssg,¡CUIDADO!,,20,
save_failed_message,No se ha podido guardar el progreso.,,150,
shell_avsync,Sinc. audio/vídeo,,32,
shell_avsync_prompt,"Es la primera vez que juegas, así que vamos a configurar Super Beat Sports en tu consola.",,150,
shell_avsync_reminder,"Si en algún momento te parece que la imagen y la música no están sincronizadas, ve a la pantalla Sinc. audio/vídeo para solucionarlo.",,150,
shell_baseball,Bate extravagante,,32,
shell_buddyball,Pelotamiga,,32,
shell_calibration_message,¿Lo que ves no está sincronizado con lo que oyes? Ve al menú Opciones y selecciona Sinc. audio/vídeo para modificar los ajustes.,,150,
shell_comingsoon,Próximamente,,24,
shell_confirm_delete_profile,¿Quieres borrar estos datos de manera permanente?,,50,
shell_confirm_no,No,,24,
shell_confirm_okay,Vale,,24,
shell_confirm_yes,Sí,,24,
shell_connected_players,Jugadores conectados:,,24,
shell_continue,Continuar,,24,
shell_controller,<icon=button> Cambiar mandos,,30,Do not translate text between < >
shell_controller_hold_grip,<icon=button> [Mantener] Cambiar soporte,,30,Do not translate text between < >
shell_controller_pause,Cambiar mandos,,30,
shell_controls,Contr. bate extravagante,,24,
shell_credits,Créditos,,32,
shell_disconnect_continue,Continuar con %d jugadores,,150,Do not translate %d
shell_disconnect_title,Desconectado,,24,
shell_press_L_R,Pulsa <icon=swingbutton>,,32,Do not translate text between < >
shell_eula,CLUF,,4,This stands for End User License Agreement
shell_eula_long,Contrato de licencia del usuario final: http://www.superbeatsports.com/superEULA,,,Do not translate web address
shell_gear,Mi bateador,,32,
shell_gear_bat,Bate,,16,
shell_gear_outfit,Conjunto,,16,
shell_gear_outfit_color,Color,,32,
shell_gear_save,Aplicar,,32,
shell_gear_unsaved_changes,Has realizado cambios en tu bateador que no se han guardado. ¿Quieres continuar sin guardar?,,150,
shell_golf,Golf glotón,,32,
shell_how_to_play,Instrucciones,,24,
shell_inputlag_fail,Parece que tenemos que volver a intentarlo. ¿Todo listo?,,150,
shell_inputlag_prompt,<style=action>Pulsa</style> <icon=swingbutton> cada vez que la pelota impacte.,,150,Do not translate text between < >
shell_inputlag_success,"Genial, ¡ya tienes todo listo para jugar!",,150,
shell_joy_con_grip,<icon=joy_con_solo> Cambiar soporte,,32,Do not translate text between < >
shell_joy_con_grip_disabled,Cambiar soporte,,32,
shell_leaderboards,Clasificación,,,
shell_legal,Legal,,32,
shell_level_select,Elegir nivel,,32,
level_label_normal,Normal,,32,
level_label_standard,Normal,,,
level_label_pro,Profesional,,32,
shell_loading,Cargando...,,24,
shell_love_prompt,Ve al menú <style=name>Mi bateador</style> para ver los nuevos objetos.,,,Do not translate text between < >
shell_main_menu,Menú principal,,32,
shell_menu_back,<icon=arrow><icon=button>,,32,
shell_menu_settings,Opciones,,32,
shell_menu_title,Pantalla de título,,32,
shell_motion_off,Movimiento: Sí,,24,
shell_motion_on,Movimiento: No,,24,
shell_motion_swing,<icon=button> Alternar mov. balanceo,,24,Do not translate text between < >
shell_motion_swing_state,<icon=checkmark> Mov. balanceo,,24,Do not translate text between < >
shell_mp_advanced,Personalizar,,24,
shell_mp_connect,Conectarse para jugar,,24,
shell_mp_custom_tricky,Personalizar,,24,
shell_mp_join_download,Descargar:,,32,
shell_mp_join_host,Red:,,32,
shell_mp_join_p1,J1,,4,"this stands for player 1, as the subsequent cells"
shell_mp_join_p2,J2,,4,
shell_mp_join_p3,J3,,4,
shell_mp_join_p4,J4,,4,
shell_tier1,Grupo 1,,20,
shell_tier2,Grupo 2,,20,
shell_tier3,Grupo 3,,20,
shell_tier4,Grupo 4,,20,
shell_tier5,Grupo 5,,20,
shell_tier6,Grupo 6,,20,
shell_tier7,Grupo 7,,20,
shell_tier8,Grupo 8,,20,
shell_tier9,Grupo 9,,20,
shell_mp_play,Jugar,,20,
shell_mp_ready,¡Listo!,,20,
shell_mp_start,Prepárate y selecciona Jugar,,30,
shell_s2s_refresh,<icon=button> Actualizar,,20,Do not translate text between < >
shell_s2s_available,Salas disponibles,,20,
shell_s2s_createroom,Crear sala,,20,
shell_s2s_roomname,Sala de %s,,32,"do not translate %s as it will show a user's name, but do make this phrase possessive"
shell_s2s_searching,Buscando salas...,,32,
shell_s2s_connectedplrs,Jugadores conectados,,32,
shell_mp_waiting,Esperando...,,20,
shell_multi_player,Local,,32,
shell_clarify_play,De 1 a 4 jugadores en esta consola,,35,
shell_clarify_local,Unirse a jugadores cercanos,,35,
shell_s2s_icon,<icon=switchtoswitch>,,4,
shell_switch_icon,<icon=switch_icon>,,4,
shell_new,Nuevo,,12,
shell_new_save,Nuevo,,12,
shell_next,<icon=button> Siguiente,,12,Do not translate text between < >
shell_nogear_prompt,Gana más medallas para desbloquear bates y conjuntos para tu bateador.,,150,
shell_option_off,No,,12,
shell_option_on,Sí,,12,
shell_options,Opciones,,32,
shell_pause_quit_message,¿Seguro que quieres salir?,,150,
shell_pause_restart_message,¿Seguro que quieres reiniciar?,,150,
shell_pause_title,En pausa,,32,
shell_pause_tutorial_message,¿Quieres reiniciar los mensajes de ayuda del juego?,,150,
shell_player_done,Listo,,15,
shell_player_edit,Editar,,15,
shell_team,Equipo,,24,
shell_player_editing,Editando,,20,
shell_player_join,Unirse,,20,
shell_player_waiting,Esperando,,20,
shell_profile_slot_1,1,,1,
shell_profile_slot_2,2,,1,
shell_profile_slot_3,3,,1,
shell_levelselect_sp,Niveles de un jugador,,32,
shell_levelselect_mp,Niveles multijugador,,32,
shell_levelselect_sp_pro,Niv. profesionales de un jugador,,32,
shell_levelselect_mp_pro,Niv. profesionales multijugador,,32,
shell_promode,<icon=button> Modo profesional,,37,Do not translate text between < >
shell_promode_message,¡Esta medalla desbloquea el <style=action>modo profesional</style> de este deporte!\nCambia al modo profesional en el menú de selección de nivel... ¡Si te atreves!,,150,
shell_promode_off,Modo profesional desactivado,,32,
shell_promode_on,Modo profesional activado,,32,
shell_promode_prompt,¿Tienes lo que hace falta para jugar al <style=action>modo profesional</style> de este deporte?\n¡Demuéstralo logrando una medalla de oro o de platino!,,150,
shell_promode_unlocked,¡Modo profesional desbloqueado!,,32,
shell_quit,Salir,,15,
shell_reconnect_main_message,Vuelve a conectar el mando del J1 para continuar.,,150,P1 stands for player 1
shell_gameselect,Elegir juego,,32,
shell_reset,<icon=button> Restablecer,,32,Do not translate text between < >
shell_restart,Reiniciar,,24,
shell_resume,Reanudar,,24,
shell_rhythmracket,Raqueta rítmica,,32,
shell_rr_team_select,"Jugador 1, ¡elige tus equipos!",,75,
shell_rr_options,Opciones de raqueta rítmica,,32,
shell_rr_hearts,Corazones,,24,
shell_song,Canción,,24,
shell_rr_song_1,Uno,,15,
shell_rr_song_2,Dos,,15,
shell_rr_song_3,Tres,,15,
shell_stage,Escenario,,24,
shell_rr_arena,Recinto,,24,
shell_rr_arena_1,Uno,,15,
shell_rr_arena_2,Dos ,,15,
shell_rr_arena_3,Tres,,15,
shell_rr_arena_random,Aleatorio,,15,
shell_rr_teams,Modo,,24,
shell_rr_teams_1v1,1c1,,15,
shell_rr_teams_2v2,2c2,,15,
shell_rr_teams_f4a,Batalla campal,,15,
shell_rr_ai_difficulty,Nivel de los robots,,24,CPU stands for computer player
shell_save,Guardar,,24,
shell_save_slot,Ranura de guardado,,32,
shell_select,<icon=button><icon=arrow>,,24,
shell_select_slots,Elegir ranura,,24,
shell_single_player,Jugar,,24,
shell_slot_confirm,Confirmar,,24,
shell_slot_delete,Borrar,,24,
shell_s_adv_bombs,Bombas,,24,
shell_s_adv_dirchange,Interruptor direccional,,24,
shell_s_adv_sfasts,Nubz,,24,character name
shell_s_adv_sslows,Wubwub,,24,character name
shell_s_adv_tempo,Aceleradores,,24,
shell_s_adv_nubbs,Nubzificadores,,24,
shell_s_basic,Básico,,15,
shell_s_connect,Conecta el móvil para unirte,,0,
shell_s_firsttime,¡Esto es pelotamiga!,,32,
shell_s_header,Pelotamiga,,32,
shell_s_options,Opciones,,32,
shell_s_play,<icon=button> Jugar,,24,Do not translate text between < >
shell_s_player1,Jugador 1,,20,
shell_s_player2,Jugador 2,,20,
shell_s_player3,Jugador 3,,20,
shell_s_player4,Jugador 4,,20,
shell_s_ready,¡Listo!,,24,
shell_s_speed,Velocidad,,24,
shell_s_speed_fast,Rápida,,15,
shell_s_speed_med,Intermedia,,15,
shell_s_speed_slow,Lenta,,15,
shell_stylin,Estilizando...,,15,
shell_s_start,Mantén pulsado para empezar.,,40,
shell_s_supreme,Perversa,,15,the hardest difficult
shell_s_trickiness,Dificultad,,24,title for section in which players choose difficulty
shell_s_tricky,Avanzada,,15,difficulty level but not the hardest
shell_s_waiting,Esperando a los demás,,32,
shell_s_wins,Victorias,,24,
shell_t_practice,Práctica,,20,
shell_tapper_controls,Controles de bate extravagante,,32,
shell_tapper_controls_hit,Golpeo,,24,
shell_tapper_controls_move,Cambios de carril,,24,
shell_tapper_practice,Práctica,,20,
shell_tier_01,Casa,,20,
shell_tier_02,Fuera,,20,
shell_tier_03,Muy lejos,,20,
shell_tier_04,Invierno,,20,
shell_title_start,Empezar,,15,
shell_tutorial,Instrucciones,,20,
shell_tutorial_avsync,Mueve la barra de desplazamiento a la izquierda o la derecha hasta que la imagen y el sonido se sincronicen y selecciona Siguiente.\nEsto solo se aplicará cuando tu Nintendo Switch™ esté en la base.,call out that its for docked mode,200,Don't translate \n
shell_volleyball,Balonvolea,,32,
shell_welcome_msg,¡Hola! Me llamo <style=action>Wubwub</style> y te doy la bienvenida a la <style=action>galaxia de Musicalia</style>.\n¡Aquí todo es música!,,270,Don't translate \n
shell_welcome_title,¡Bienvenida!,,32,
squash_results_title_win,¡Campeones de pelotamiga!,,40,
squash_round_complete,Ronda completada,,40,
squash_starting_round,Iniciando ronda,,40,
streak_label,Racha,,24,
tapper_results_title_win,¡Así se hace!,,32,
time_am,a. m.,,6,morning
time_format,%l:%i %p,,8,
time_pm,p. m.,,6,evening
timing_early,PRONTO,,16,
timing_late,TARDE,,16,
shell_ok,Vale,,24,
tutorial_ft_tap_continue,¡Mantén pulsado!,,24,
tutorial_golf_charge_hold,"Para dar de comer a un <style=name>nibbz saltarín</style>, <style=action>mantén pulsado</style> <icon=swingbutton> cuando empiecen a cantar y luego <style=action>suelta</style> cuando salten.",,250,Do not translate text between < >
tutorial_g_aiming,Apunta a diferentes islas con <icon=thumbstick>.,,250,Do not translate text between < >
tutorial_g_ballsandbanking,"Consigues 5 bolas extras en cada ronda. Las bolas que te sobren valen <style=name>puntos extras</style>, así que ¡afina la puntería!",,250,Do not translate text between < >
tutorial_g_bonusround,Dale de comer todas las bolas sobrantes a este hambrientísimo nibbz y consigue <style=name>puntos extras</style>.,,250,Do not translate text between < >
tutorial_g_island,"No apuntes a un nibbz en concreto, sino a la <style=name>isla</style>.",,250,Do not translate text between < >
tutorial_g_pinky,"Este <style=name>nibbz</style> tiene hambre. Para darle de comer, pulsa <icon=swingbutton> cuando cante. ",,250,Do not translate text between < >
tutorial_g_preview,Primero <style=name>observa y escucha</style> el patrón. Después tendrás <style=name>dos oportunidades</style> para dar de comer a todos los nibbzes.,,250,Do not translate text between < >
tutorial_g_standardhits,Balancea o golpea la pelota pulsando <icon=swingbutton> para meterla en la boca de un hambriento <style=name>nibbz</style> en cuanto la abra.,,250,Do not translate text between < >
tutorial_g_streaking,Alimenta a todos los nibbzes en un solo intento para <style=name>maximizar</style> tu puntuación.,,250,
tutorial_g_mp_intro,"En el modo multijugador del golf glotón, la pelota se pone <style=red>roja</style> cuando el <style=red>bateador rojo</style> la golpea, y <style=blue>azul</style> cuando lo hace el <style=blue>bateador azul</style>.",,250,
tutorial_g_mp_redblue,"Pero cuidado: los <style=red>nibbzes rojos</style> solo comen <style=red>pelotas rojas</style>, y los <style=blue>nibbzes azules</style>, <style=blue>pelotas azules</style>. ",,250,Do not translate text between < >
tutorial_g_mp_combo,"Cuando veáis este nibbz, tendréis que golpear la pelota <style=action>a la vez</style>. ¡Trabajo en equipo!\n¡Buena suerte, bateadores!",,250,Do not translate text between < >
tutorial_howtoplay,Instrucciones:,,250,
tutorial_pro_click,"PISTA: Si quieres, puedes <style=action>hacer clic</style> para golpear la pelota en lugar de balancear.[BUG THIS - msg to be cut]",,250,Do not translate text between < >
tutorial_r_intro,"Para ganar, <style=action>intercepta</style> la pelota y <style=action>métela</style> en la portería rival.",,250,
tutorial_r_block,"Mueve <icon=thumbstick> para <style=name>interceptar</style> la pelota. Si lo logras, el bateador desviará su trayectoria con un <style=name>golpe suave</style>.",,250,Do not translate text between < >
tutorial_r_kickups,"Para realizar un <style=action>disparo potente</style>, pulsa <icon=setbutton> para <style=name>colocar</style> la pelota y golpéala con <icon=swingbutton> en cuanto caiga.\n\nCONSEJO: ¡Escucha el ritmo!",,250,Do not translate text between < >
tutorial_r_aiming,Usa <icon=thumbstick> para apuntar mientras la pelota esté en el aire.,,250,Do not translate text between < >
tutorial_r_spitters,El último jugador en sacar o en golpear la pelota asumirá el control de <style=name>todos</style> los nibbzes.\n\n<style=action>Apunta a los nibbzes</style> con <icon=thumbstick>. ,,250,Do not translate text between < >
tutorial_r_spitters_powershot,"Los nibbzes dispararán automáticamente, pero, si pulsas <icon=swingbutton> en cada nota, ¡realizarás un disparo potente!",,250,Do not translate text between < >
tutorial_r_powershot,Pulsa <icon=swingbutton> justo cuando te alcance la pelota ¡y realiza un disparo superpotente!,,250,Do not translate text between < >
tutorial_r_powerups,"Cuando estés jugando en una partida real, verás potenciadores en el campo que activan secciones de desafío especiales si las golpeas. Habilidades como esta serán muy útiles en esas ocasiones.",,250,
tutorial_streak,"Para conseguir una <style=action>racha</style>, no dejes escapar pelotas ni golpees cuando no sea necesario.\n\n¡Consigue la mejor racha posible para multiplicar tu puntuación!",,250,Do not translate text between < >
tutorial_swing,Pulsa <icon=swingbutton> para golpear la pelota. Sincroniza los golpes con la música para <style=name>maximizar</style> tu puntuación.,,250,Do not translate text between < >
tutorial_v_spikes,"A veces, al recibir la pelota, deberás hacer un <style=name>mate</style>. Escucha al público para que te ayude a golpearla en el momento exacto.\n\n<style=action>"3, 2, 1, ¡dale!"</style>.",,250,
tutorial_s_bombs,"Las bombas son malas. Si golpeas una, perderás 1 corazón.",,250,
tutorial_s_directsh,Golpea esto para modificar la dirección de la partida.  ,,250,
tutorial_s_fast,<style=name>Squibz</style> golpea la pelota un poco más rápido.,,250,Do not translate text between < >
tutorial_s_items,No dejes escapar estos objetos especiales. Cada uno tiene un efecto distinto.,,250,
tutorial_s_medium,<style=name>Nibbz</style> golpea la pelota bastante despacio.,,250,Do not translate text between < >
tutorial_s_speedup,Golpea esto para acelerarlo todo.,,250,
tutorial_s_superfast,<style=name>Nubz</style> golpea la pelota muy rápido. ¡No te duermas en los laureles!,,250,Do not translate text between < >
tutorial_s_superslow,"Si la pelota llega a este apuesto caballero, se la pasará al siguiente bateador con calma.",,250,
tutorial_s_swipe,"Para jugar, <style=action>apunta</style> con <icon=thumbstick> y pulsa <icon=swingbutton> para <style=action>golpear</style> la pelota.",,250,Do not translate text between < >
tutorial_s_winning,"Cuando un bateador se queda sin corazones, abandona la partida. ¡Aguanta hasta que solo quedes tú y habrás ganado!",,250,
tutorial_s_nubbsify,Golpea esto para <style=name>nubzificar</style> la acción.,,250,Do not translate text between < >
tutorial_t_laneswitch,Usa <icon=thumbstick> para moverte hacia la izquierda o hacia la derecha por los carriles.,,250,Do not translate text between < >
tutorial_t_mp_colors,"Los <style=red>nibbzes rojos</style> lanzan <style=red>pelotas rojas</style>, y los <style=blue>nibbzes azules</style>, <style=blue>pelotas azules</style>. ¡Golpea solo las pelotas del color correspondiente!",,250,Do not translate text between < >
tutorial_t_mp_unstack,El bateador de arriba puede saltar abajo saliéndose del carril mientras el bateador de abajo esté quieto.\n\n¡Comunicaos para coordinaros!,,250,
tutorial_t_mp_stacking,"¡Algunos nibbzes flotan!\nPara golpear las bolas altas, un bateador debe <style=action>subirse</style> encima de otro desplazándose a su carril.  ",,250,Do not translate text between < >
tutorial_t_mp_stackswitch,"En un montón, el bateador de arriba puede pulsar rápidamente <icon=thumb_down> para saltar abajo.",,250,Do not translate text between < >
tutorial_t_mp_stackmove,"Si el bateador de abajo se mueve, ambos lo harán. ",,250,
tutorial_t_lobs,"<style=name>Big Baoz</style> lanza las pelotas muy, muy alto. ¡No te olvides de ellas!",,250,Do not translate text between < >
tutorial_t_octo,Ten cuidado con los lanzamientos salvajes del <style=name>Thro-bot</style>. ¡Sincroniza bien los golpes y no pares de conseguir "home runs"!,,250,Do not translate text between < >
tutorial_t_mp_intro,El bate extravagante con dos bateadores tiene algunas reglas especiales.,,250,
tutorial_v_spike_swing,<style=action>¡GOLPEA!</style>,,250,Do not translate text between < >
tutorial_v_superfast,"Cuando veas esto, significa que la pelota va hacia ti rápidamente.",,250,
volleyball_results_title_win,¡BUEN MATE!,,24,
wins_label,Victorias:,,24,
toasty_drumsolo,¡SOLO DE BATERÍA!,,24,
toasty_serve,SACA YA,,24,
toasty_soclose,CASI,,24,
toasty_hello,HOLAAA,,24,
toasty_selfown,¡UY!,,24,
toasty_pizza,¡FIESTA!,,24,
toasty_boink,¡REINICIO!,,24,
songtitle_glee,Alegría de Squibz,,32,song title
songtitle_shopping,Fiebre consumista de Wubwub,,32,song title
songtitle_bump,Choque,,32,song title
songtitle_tubular,Compás tubular,,32,song title
songtitle_rocket,Jinete de cohetes,,32,song title
songtitle_interstellar,Vip interestelar,,32,song title
songtitle_supersonic,Mate supersónico de bateador,,32,song title
songtitle_stardust,Tiras de polvo estelar,,32,song title
songtitle_fighter,Luchador de la velocidad,,32,song title
songtitle_puttputt,Preludio de golpe corto,,32,song title
songtitle_dayout,Excursión de Wubwub,,32,song title
songtitle_tango,Todo tango,,32,song title
songtitle_warp,Curvatura demente,,32,song title
songtitle_elephant,Espectáculo de elefantes,,32,song title
songtitle_drivin,Sueños al volante,,32,song title
songtitle_caddy,Caverna del caddie,,32,song title
songtitle_nightmare,La pesadilla de los nibbz,,32,song title
songtitle_rise,El renacer del bateador,,32,song title
songtitle_bigleague,La gran liga de Thro-bot,,32,song title
songtitle_garden,Jardín público,,32,song title
songtitle_fastball,Nubz de bola rápida,,32,song title
songtitle_ringer,Campanero,,32,song title
songtitle_sweatpants,Chándal,,32,song title
songtitle_dark,Corriendo en la oscuridad,,32,song title
songtitle_party,Planeta fiesta,,32,song title
songtitle_maniac,Batemaníacos,,32,song title
songtitle_baozbattle,Batalla de Big Baoz,,32,song title
songtitle_december,Baile de diciembre,,32,song title
songtitle_arctic,Recinto ártico,,32,song title
songtitle_palace,Palacio,,32,song title
songtitle_spacerace,Carrera espacial,,32,song title
songtitle_biggame,Te van los retos,,32,song title
songtitle_sportoise,Deportivo,,32,song title
songtitle_weirdo,Rarito,,32,song title
songtitle_dancey,Mallas de danza,,32,song title
songtitle_geewhiz,Buen zumbido,,32,song title
songtitle_magic,Magia,,32,song title
songtitle_polaria,Polaria,,32,song title
songtitle_snowball,Serpiente de nieve,,32,song title
songtitle_fanfare,Fanfarria de Nubz,,32,song title
songtitle_piddle,Remos emos,,32,song title
songtitle_babysteps,Pasos de bebé,,32,song title
songtitle_protonibbz,Protonibbz,,32,song title
songtitle_jankees,Yanqui,,32,song title
songtitle_comp,Competi,,32,song title
songtitle_nubble,Mordisquitos,,32,song title
songtitle_squeek,Chirrido,,32,song title
songtitle_pep,Charla motivacional,,32,song title
songtitle_mascot,Abraza a la mascota,,32,song title
songtitle_saturn,Competición de Saturno,,32,song title
songtitle_worm,Quemagusanos,,32,song title
songtitle_glowstick,Palo de luz,,32,song title
songtitle_movin,Vamos muy rápido,,32,song title
songtitle_bases,Base que te base,,32,song title
songtitle_hugehug,Abrazo enorme,,32,song title
net_error_join_denied,No se ha podido conectar con ningún otro usuario.\n\nInténtalo de nuevo más tarde.,,150,Do not translate \n
net_error_connect_failed,No se ha podido conectar con la otra consola.\n\nInténtalo de nuevo.,,150,Do not translate \n
net_error_unrecoverable,Se ha producido un error.\n\nInténtalo de nuevo más tarde.,,150,Do not translate \n
net_not_enough_players,No quedan suficientes jugadores.\n\nVolviendo al menú principal.,,150,Do not translate \n
net_no_remote_players,No se ha podido conectar.\n\nVolviendo al menú.,,150,Do not translate \n
net_confirm_leave_session,¿Seguro que quieres abandonar esta sesión?,,150,
songtitle_kleatz,Zapatos de fútbol,,32,song title
songtitle_ondeck,En cubierta,,32,song title
songtitle_varsitygravity,Gravedad titular,,32,song title
standards_motion_notice,Aviso,,32,
standards_motion_strapusage,"Cuando juegues con un mando Joy-Con, engancha la correa tal y como se muestra.\n\nSujeta con firmeza el mando Joy-Con y no lo sueltes.\n\nFamiliarízate con tu entorno y ten cuidado con las personas que haya a tu alrededor mientras juegas.",,340,Do not trnaslate \n
songtitle_buddyballin,Amistad pelotera,,32,song title
songtitle_moonjump,Salto lunar,,32,song title
songtitle_edgeofn00bular,Al borde del N00bular,,32,song title
tutorial_t_octo_practice,Aquí puedes practicar lanzamientos del Thro-bot. Completa la canción de práctica o pausa para salir de la partida.,,150,
loading_all_9,"CONSEJO: Si tienes hambre, come algo. La comida te da energía ¡y puede estar muy sabrosa!",,150,
loading_all_10,¿Puedes juntar tus pulgares por detrás de la espalda? Wubwub no tiene pulgares... No le hagas sentir mal.,,150,
loading_all_11,CONSEJO: Intenta que se te den fenomenal los deportes. ¡Es divertido y emocionante!,,150,
loading_all_12,CURIOSIDAD ESPACIAL: Los anillos de Saturno son unas pistas de patinaje espacial abandonadas.,,150,
loading_all_13,CURIOSIDAD ESPACIAL: El idioma de los nibbzes tiene 17 palabras diferentes para «salsa».,,150,
loading_all_14,CURIOSIDAD ESPACIAL: Los humanos son la única especie que puede juntar los codos al aplaudir. ¡Siente orgullo por tu especie!,,150,
loading_all_15,"CURIOSIDAD ESPACIAL: La lasaña flotante, una conocida receta musicaliana, es como una lasaña terrestre, pero sin gravedad.",,150,
tutorial_g_welcome,¡Te damos la bienvenida al <style=name>golf glotón</style>!\nPrepárate para dar de comer a <style=action>alienígenas hambrientos</style>.\nAlimenta a tantos como puedas para conseguir una puntuación récord.,,150,
tutorial_g_patterns,"Cuando los nibbzes se juntan, cantan en <style=action>patrones rítmicos</style>.",,150,
tutorial_g_flags,"Solo tienes que alimentar a un nibbz una vez, así que, si ves una bandera en lugar de un nibbz, <style=name>no balancees</style>.",,150,
loading_all_16,CONSEJO: Puedes consultar tus controles en el menú de pausa en cualquier momento.,,150,
loading_all_17,No te olvides de tomarte un descanso de Super Beat Sports de vez en cuando. ¡El planeta Tierra también puede ser divertido!,,150,
controls_swing,Balancear,,,
controls_t_move,Cambiar de carril,,,
controls_t_left,Moverse a la izquierda,,,
controls_t_right,Moverse a la derecha,,,
controls_t_bottom,Ponerse abajo en el montón,,,
controls_g_aim,Elegir isla,,,
controls_g_left,Elegir isla de la izquierda,,,
controls_g_right,Elegir isla de la derecha,,,
controls_rr_pos,Colocarse y apuntar,,,
controls_rr_kickup,Colocar la pelota,,,
gear_bat_chair,Silla plegable,,,
loading_all_18,CURIOSIDAD ESPACIAL: Solo los musicalianos pueden garabatear con los glorcones mientras filamentan.,,,
loading_all_19,"CURIOSIDAD ESPACIAL: En la galaxia de Musicalia, los seres vegetales se nutren mediante la sonosíntesis.",,,
loading_earlylate,Fíjate en los avisos de PRONTO y TARDE al golpear la pelota para aprender a hacerlo en el momento exacto.,,,
loading_rr_pinkypower,Los nibbzes también pueden realizar disparos potentes. Pulsa <icon=swingbutton> justo cuando escupan la pelota.,,,
loading_rr_accel,La pelota gana velocidad con cada golpe certero (y la pierde si bateas suavemente o si fallas).,,,
loading_rr_poweraim,"CONSEJO: Si tienes buenos reflejos, podrás apuntar los disparos sin colocar la pelota.",,,
loading_t_nubz,Los secretos de la tecnología Thro-bot han pasado de generación en generación en la familia de Nubz.,,,
loading_t_throbot,"CONSEJO: Si te cuesta responder a los lanzamientos de Thro-bot, prueba a CALCULAR la frecuencia sus movimientos.",,,
results_msg_rhythm_racket,¡Tenemos un ganador!,,,
results_ai_wins,"Buen intento, terrícola.",,,
results_ai_wins2,Han ganado los robots.,,,
rr_changeup_mssg,¡CAMBIO DE CAMPO!,,,
rr_showdown_mssg,ENFRENTAMIENTO,,,
rr_bunt,GOLPE SUAVE,,,
rr_hit,BUEN DISPARO,,,
rr_set,COLOCADA,,,
rr_power,¡POTENTE!,,,
rr_flub,FALLO,,,
shell_standardmode,<icon=button>Modo estándar,,,
shell_promode_prompt_mp,¿Tenéis lo que hace falta para jugar al <style=action>modo profesional</style> de este deporte?\n¡Demostradlo logrando una medalla de multijugador de oro o de platino!,,,
shell_promode_return_to_standard,El modo profesional de multijugador está bloqueado. Volviendo al modo estándar.,,,
shell_welcome_msg_2,"¡Cielos! ¡Pero si es\n<style=action>Lil, la bateadora</style>!\nLos deportes se le dan fenomenal. ¡Siempre se llevatodas las medallas!",,,
shell_welcome_msg_3,"Pero por aquí nos gustan unos deportes, ejem, <style=action>especiales</style>.",,,
shell_welcome_msg_4,¡Deportes extravagantes con bateos frenéticos y <style=action>reglas rítmicas</style>!,,,
shell_welcome_msg_5,"Venga, ¡vamos a jugar a \n<style=action>SUPER BEAT SPORTS</style>!",,,
shell_gamedesc_t,Corre de un carril a otro para devolver los ataques rítmicos con pelotas de béisbol.,,,
shell_gamedesc_v,Consigue la victoria jugando al vóley con saques sónicos y mates demoledores.,,,
shell_gamedesc_g,Repite patrones rítmicos para dar de comer a las criaturas hambrientas.,,,
shell_gamedesc_s,Pon a prueba tus reflejos rítmicos en una batalla de pelotazos.,,,
shell_gamedesc_r,Defiende la portería y aplasta a tus rivales con contundentes rebotes rítmicos.,,,
shell_s2s_2player,Juego para 1 o 2 jugadores. Puedes jugar a pelotamiga o raqueta rítmica con más de 2 jugadores.,,,
shell_analytics,Permitir análisis del juego,,,
tutorial_r_serve,"Para sacar, usa <icon=thumbstick> para <style=action>apuntar</style> y después pulsa <icon=swingbutton> para <style=action>golpear</style> la pelota.",,,
tutorial_r_hit,"Si quieres <style=action>golpear</style> la pelota con fuerza, pulsa <icon=swingbutton> al interceptarla.",,,
tutorial_r_flub,"¡Cuidado! Si colocas la pelota, pero no pulsas <icon=swingbutton> cuando esta caiga, <style=name>fallarás</style> el golpe.",,,
tutorial_r_spitters2,Los nibbzes se comerán la pelota automáticamente y la escupirán 4 pulsaciones después.,,,
tutorial_r_power,También puedes realizar <style=action>disparos potentes</style> pulsando <icon=setbutton> al interceptar la pelota.\n¡Pruébalo!,,,
tutorial_s_aliens_all,Cada personaje golpea la pelota a una velocidad distinta.\nCONSEJO: ¡Ve a por los más rápidos!,,,
tutorial_s_aliens_slower,Más despacio.,,,
tutorial_s_aliens_faster,Más rápido.,,,
tutorial_s_items_speedup,Lo acelera todo.,,,
tutorial_s_items_nubzify,"Nubz, nubz, nubz.",,,
tutorial_s_items_direct,Cambia la dirección del juego.\nSolo con 3 o 4 jugadores.,,,
tutorial_s_items_bomb,Quita 1 corazón.,,,
tutorial_s_welcome,"En este juego, los bateadores se turnarán para lanzar la pelota a mis amigos. ¡Quien falle el golpe <style=name>perderá 1 corazón</style>!",,,
tutorial_t_doublelane,Pulsa <icon=L> y <icon=R> para desplazarte sobre <style=action>2 carriles a la vez</style>.,,,
tutorial_t_welcome,¡Que se desate la <style=action>locura</style>!\nGolpea todas las pelotas en el <style=action>momento preciso</style> para conseguir la mejor medalla posible. ,,,
tutorial_v_mp_intro,"Como sois dos, yo, <style=action>Wubwub</style>, jugaré en lado contrario para equilibrar la balanza.",,,
tutorial_v_mp_turns,Balancea o pulsa <icon=swingbutton> para golpear la pelota cuando sea tu turno.\nLas <style=red>indicaciones</style> <style=blue>de colores</style> pueden ayudarte a no perder el ritmo.,,,
tutorial_v_welcome,Estos <style=name>squibzes</style> van a intentar hacerte fallar la bola.\n\n<style=action>¡No se lo permitas!</style>,,,
net_remote_player_left_game,Un jugador ha abandonado. Cerrando sesión.,,,
net_error_room_denied,No se ha podido conectar con esta consola.,,,
songtitle_scoops,Alzamientos en brazos,,,
controls_t_doublelane,Cambiar dos carriles,,,
gear_bat_baseball_bat_special_spcl,Platino brillante (objeto especial),,,
gear_bat_baseball_bat_special_desc,Has ganado una medalla de platino en cada nivel.,,,
gear_bat_bronze_spcl,Bronce reluciente (objeto especial),,,
gear_bat_bronze_desc,Has ganado una medalla de bronce o superior en cada nivel.,,,
gear_bat_flowers_spcl,Potencia florida (objeto especial),,,
gear_bat_flowers_desc,Has completado un nivel en el modo inalámbrico local.,,,
gear_bat_gold_spcl,Oro sólido (objeto especial),,,
gear_bat_gold_desc,Has ganado una medalla de oro o superior en cada nivel.,,,
gear_bat_energy_spc,Calambrazo (objeto especial),,,
gear_bat_energy_desc,Has ganado una medalla de platino en balonvolea.,,,
gear_bat_gnome_spcl,David (objeto especial),,,
gear_bat_gnome_desc,Has ganado una medalla de oro en el modo profesional.,,,
gear_bat_cricket_spcl,Cricrí (objeto especial),,,
gear_bat_cricket_desc,Has ganado una medalla de platino en bate extravagante.,,,
gear_bat_mallet_spcl,Mazo soprano (objeto especial),,,
gear_bat_mallet_desc,Has ganado una medalla de platino en golf glotón.,,,
gear_bat_mime_spcl,Bate de mimo (objeto especial),,,
gear_bat_mime_desc,Has superado todos los niveles de bate extravagante en el modo estándar.,,,
gear_outfit_nibbs_spcl,Bocazas (objeto especial),,,
gear_outfit_nibbs_desc,Has superado todos los niveles de golf glotón en el modo profesional.,,,
gear_outfit_nubz_spcl,Atuendo de Nubz (objeto especial),,,
gear_outfit_nubz_desc,Has superado todos los niveles de bate extravagante en el modo profesional.,,,
gear_outfit_squibbs_spcl,Estilo de Squibz (objeto especial),,,
gear_outfit_squibbs_desc,Has superado todos los niveles de balonvolea en el modo profesional.,,,
gear_outfit_robo_spcl,Próxima generación (objeto especial),,,
gear_outfit_robo_desc,Has superado a todos los bateadores en pelotamiga y en raqueta rítmica.,,,
gear_outfit_dropmix_spcl,DropMix (objeto especial),,,
gear_outfit_dropmix_desc,Has superado todos los niveles de balonvolea en el modo estándar.,,,
gear_outfit_knight_spcl,Caballero (objeto especial),,,
gear_outfit_knight_desc,Has superado todos los niveles de golf glotón en el modo estándar.,,,
gear_outfit_mime_spcl,Mimo mimado (objeto especial),,,
gear_outfit_mime_desc,Has superado todos los niveles de bate extravagante en el modo estándar.,,,
loading_rr_instaspit,Pulsa <icon=swingbutton> en cuanto Nibbz reciba la pelota para realizar una devolución instantánea.,,,
loading_rr_aim,"CONSEJO: Si tienes buenos reflejos, podrás apuntar los disparos sin colocar la pelota.",,,
loading_rr_powershot,Pulsa <icon=setbutton> cuando recibas la pelota para realizar un disparo potente.,,,
loading_s_speedup,¡Cuidado! Las partidas de pelotamiga van cada vez más rápido y la acción se vuelve frenética.,,,
results_gear_remain,Faltan %d objetos bloqueados.,,,
results_gear_remain_one,Falta 1 objeto bloqueado.,,,
rr_out,¡TE HAN ELIMINADO!,,,
rr_aim,Apunta,,,
rr_plusone,¡Así se hace!,,,
rr_howtoplay_required,Completa el tutorial de raqueta rítmica para desbloquear el resto del modo.\n\n¿Quieres iniciar el tutorial?,,,
shell_cpu,IA,,,
shell_s2s_available_alt,Consolas disponibles,,,
shell_s2s_createroom_alt,Organizar una sesión,,,
shell_s2s_searching_alt,Buscando consolas...,,,
shell_clarify_local_alt,Conéctate con una consola cercana.,,,
shell_player_leave,Abandonar,,,
tutorial_g_charge_motion,"Para dar de comer a un <style=name>nibbz saltarín</style>, <style=action>mantén pulsado</style> <icon=swingbutton> cuando empiecen a cantar y luego <style=action>suelta</style> o <action=style>balancea</action> el Joy-Con™ cuando salten.",,,
tutorial_g_pinky_motion,"Este <style=name>nibbz</style> tiene hambre. Para darle de comer, pulsa <icon=swingbutton> o <style=action>balancea</style> el Joy-Con™ cuando cante. ",,,
tutorial_r_serve_motion,"Para sacar, usa <icon=thumbstick> para <style=action>apuntar</style> y después pulsa <icon=swingbutton> o <style=action>balancea</style> el Joy-Con™ para <style=action>golpear</style> la pelota.",,,
tutorial_r_hit_motion,"Si quieres <style=action>golpear</style> la pelota con fuerza, pulsa <icon=swingbutton> o <style=action>balancea</style> el Joy-Con™ al interceptarla.",,,
tutorial_r_kickups_motion,"Para realizar un <style=action>disparo potente</style>, pulsa <icon=setbutton> para <style=name>colocar</style> la pelota y pulsa <icon=swingbutton> o <style=action>balancea</style> el Joy-Con™ en cuanto caiga.\n\nCONSEJO: ¡Escucha el ritmo!",,,
tutorial_r_spitters_power,"Haz que los nibbzes realicen <style=action>disparos potentes</style> pulsando <icon=swingbutton> cuando escupan la pelota.\nPara realizar una <style=action>devolución instantánea</style>, pulsa <icon=swingbutton2> justo cuando les llegue la pelota.",,,
tutorial_swing_motion,Pulsa <icon=swingbutton> o <style=action>balancea</style> el Joy-Con™ para golpear la pelota. Sincroniza los golpes con la música para ganar el <style=name>máximo</style> de puntos.,,,
tutorial_s_hit_motion,"Para jugar, <style=action>apunta</style> con <icon=thumbstick> y pulsa <icon=swingbutton> o <style=action>balancea</style> el Joy-Con™ para <style=action>golpear</style> la pelota.",,,
net_error_connect_failed_alt,No se ha podido conectar con la(s) otra(s) consola(s).\n\nInténtalo de nuevo.,,,
net_no_remote_players_alt,No se ha podido conectar con ningún otro jugador.\n\nVolviendo al menú principal.,,,
net_confirm_leave_session_alt,¿Seguro que quieres abandonar esta sala?,,,
net_remote_player_left_game_alt,Un jugador ha abandonado la sala. Cerrando sesión.,,,
net_local_player_left_game,Se ha desconectado el mando de un jugador.\n\nVolviendo al menú.,,,
net_error_room_denied_alt,No te has podido unir a la sala.,,,
songtitle_random,?????,,,
prompt_kickup,<icon=setbutton>,,,
loading_all_20,Big Baoz en realidad es primo tercero de Wubwub.,,,
loading_all_21,"Si Nubz empieza a mordisquearte la cabeza, ¡enhorabuena! Significa que te está cogiendo cariño.",,,
loading_all_22,A nadie le gustan más los deportes que a Wubwub...,,,
loading_all_23,Los musicalianos se obsesionaron con los deportes tras interceptar emisiones de televisión terrestre por accidente.,,,
loading_all_24,"Antes de esta pasión por los deportes, los musicalianos estaban obsesionados con las telenovelas en español.",,,
loading_all_25,"En vez de dinero, los musicalianos intercambian canciones por bienes y servicios.",,,
loading_g_taste,Los nibbzes tienen un paladar muy refinado. Con solo un mordisquito pueden identificar la fecha de fabricación de cualquier equipamiento deportivo.,,,
loading_v_squibz2,"Los squibzes son una de las especies más amistosas de Musicalia, pero ¡mejor que no te pillen comiendo calamares!",,,
shell_clarify_play_alt,1 o 2 jugadores en esta consola,,,
shell_network_quality,Este medidor indica la potencia de la señal entre tus dos consolas.,,,
shell_s_beginner,Principiante,,,
shell_s_speed_med1,Int